Actual_Service,Predicted_Service
Gmail,Gmail
Gmail,Gmail
Gmail,Gmail
Gmail,Gmail
Gmail,Gmail
Gmail,Gmail
Gmail,Gmail
Gmail,Gmail
Gmail,Gmail
Gmail,Gmail
Gmail,Gmail
Gmail,Gmail
Spotify,Gmail
Gmail,Gmail
Gmail,Gmail
Gmail,Gmail
Gmail,Gmail
Gmail,Spotify
Spotify,Spotify
Gmail,Gmail
Gmail,Gmail
Gmail,Gmail
Gmail,Gmail
Gmail,Spotify
Gmail,Gmail
Gmail,Gmail
Gmail,Gmail
Gmail,Gmail
Gmail,Gmail
Gmail,Gmail
Gmail,Gmail
Gmail,Gmail
Gmail,Gmail
Gmail,Gmail
Gmail,Gmail
Gmail,Spotify
Gmail,Gmail
Gmail,Gmail
Gmail,Gmail
Gmail,Gmail
Spotify,Spotify
Gmail,Spotify
Gmail,Gmail
Gmail,Gmail
Gmail,Gmail
Gmail,Gmail
Gmail,Gmail
Gmail,Gmail
Gmail,Gmail
Gmail,Gmail
Gmail,Gmail
Gmail,Gmail
Gmail,Gmail
Gmail,Gmail
Gmail,Gmail
Gmail,Gmail
Gmail,Gmail
Gmail,Gmail
Gmail,Gmail
Gmail,Spotify
Spotify,Gmail
Gmail,Gmail
Spotify,Spotify
Gmail,Spotify
Gmail,Gmail
Gmail,Gmail
Gmail,Gmail
Gmail,Gmail
Spotify,Gmail
Gmail,Gmail
Gmail,Gmail
Gmail,Gmail
Gmail,Gmail
Gmail,Gmail
Gmail,Gmail
Gmail,Spotify
Gmail,Gmail
Gmail,Gmail
Gmail,Gmail
Gmail,Gmail
Gmail,Gmail
Gmail,Gmail
Spotify,Gmail
Gmail,Gmail
Gmail,Gmail
Gmail,Gmail
Gmail,Spotify
Gmail,Gmail
Gmail,Gmail
Gmail,Gmail
Gmail,Gmail
Gmail,Gmail
Gmail,Gmail
Gmail,Gmail
Gmail,Gmail
Gmail,Gmail
Gmail,Gmail
Gmail,Gmail
Gmail,Gmail
Gmail,Gmail
Gmail,Gmail
Gmail,Gmail
Gmail,Spotify
Gmail,Gmail
Gmail,Gmail
Gmail,Spotify
Gmail,Gmail
Gmail,Gmail
Gmail,Gmail
Spotify,Spotify
Gmail,Gmail
Gmail,Gmail
Gmail,Gmail
Gmail,Gmail
Gmail,Gmail
Spotify,Gmail
Gmail,Gmail
Gmail,Gmail
Gmail,Gmail
Gmail,Spotify
Gmail,Gmail
Gmail,Gmail
Gmail,Gmail
Gmail,Spotify
Gmail,Gmail
Spotify,Gmail
Gmail,Gmail
Gmail,Gmail
Gmail,Gmail
Gmail,Spotify
Gmail,Gmail
Gmail,Gmail
Gmail,Gmail
Gmail,Gmail
Gmail,Gmail
Spotify,Spotify
Gmail,Gmail
Gmail,Gmail
Gmail,Gmail
Gmail,Gmail
Gmail,Gmail
Gmail,Gmail
Gmail,Gmail
Gmail,Gmail
Gmail,Gmail
Gmail,Gmail
Gmail,Gmail
Spotify,Gmail
Gmail,Gmail
Gmail,Gmail
Gmail,Gmail
Gmail,Gmail
Spotify,Gmail
Gmail,Gmail
Gmail,Gmail
Gmail,Gmail
Gmail,Gmail
Gmail,Gmail
Gmail,Gmail
Spotify,Gmail
Gmail,Gmail
Gmail,Gmail
Gmail,Gmail
Gmail,Gmail
Gmail,Gmail
Gmail,Gmail
Gmail,Gmail
Gmail,Gmail
Gmail,Spotify
Spotify,Gmail
Gmail,Gmail
Gmail,Spotify
Gmail,Spotify
Gmail,Gmail
Gmail,Gmail
Gmail,Gmail
Gmail,Gmail
Gmail,Gmail
Spotify,Gmail
Gmail,Gmail
Gmail,Gmail
Gmail,Spotify
Gmail,Gmail
Gmail,Gmail
Gmail,Gmail
Gmail,Gmail
Gmail,Gmail
Gmail,Gmail
Gmail,Gmail
Gmail,Gmail
Gmail,Gmail
Gmail,Gmail
Gmail,Gmail
Gmail,Gmail
Gmail,Gmail
Gmail,Gmail
Gmail,Gmail
Gmail,Gmail
Gmail,Gmail
Gmail,Gmail
Gmail,Gmail
Gmail,Gmail
Gmail,Gmail
Gmail,Gmail
Gmail,Gmail
Gmail,Gmail
Spotify,Gmail
Gmail,Gmail
Gmail,Gmail
Gmail,Gmail
Spotify,Gmail
Gmail,Spotify
Gmail,Gmail
Gmail,Gmail
Gmail,Gmail
Gmail,Gmail
Gmail,Gmail
Gmail,Gmail
Gmail,Gmail
Gmail,Gmail
Gmail,Gmail
Gmail,Gmail
Gmail,Gmail
Spotify,Spotify
Spotify,Gmail
Gmail,Gmail
Spotify,Gmail
Gmail,Gmail
Spotify,Spotify
Gmail,Gmail
Gmail,Gmail
Gmail,Gmail
Gmail,Gmail
Gmail,Spotify
Gmail,Spotify
Gmail,Gmail
Gmail,Gmail
Gmail,Gmail
Gmail,Gmail
Gmail,Gmail
Gmail,Gmail
Gmail,Gmail
Spotify,Spotify
Gmail,Gmail
Spotify,Spotify
Gmail,Gmail
Gmail,Gmail
Gmail,Gmail
Gmail,Gmail
Spotify,Gmail
Gmail,Gmail
Gmail,Gmail
Spotify,Gmail
Spotify,Gmail
Gmail,Gmail
Gmail,Gmail
Gmail,Gmail
Gmail,Gmail
Gmail,Gmail
Gmail,Gmail
Gmail,Gmail
Gmail,Gmail
Gmail,Gmail
Gmail,Gmail
Gmail,Gmail
Gmail,Gmail
Gmail,Gmail
Gmail,Spotify
Spotify,Gmail
Gmail,Gmail
Gmail,Gmail
Gmail,Gmail
Gmail,Gmail
Gmail,Gmail
Gmail,Gmail
Gmail,Gmail
Gmail,Gmail
Gmail,Gmail
Gmail,Gmail
Spotify,Spotify
Gmail,Gmail
Gmail,Spotify
Spotify,Spotify
Gmail,Gmail
Gmail,Gmail
Gmail,Gmail
Gmail,Spotify
Gmail,Gmail
Spotify,Gmail
Gmail,Gmail
Gmail,Gmail
Gmail,Gmail
Gmail,Gmail
Gmail,Gmail
Gmail,Gmail
Spotify,Gmail
Gmail,Gmail
Gmail,Gmail
Gmail,Gmail
Gmail,Gmail
Gmail,Gmail
Gmail,Gmail
Gmail,Gmail
Gmail,Gmail
Gmail,Gmail
Gmail,Gmail
Spotify,Gmail
Gmail,Gmail
Gmail,Gmail
Spotify,Spotify
Gmail,Gmail
Gmail,Gmail
Gmail,Gmail
Spotify,Spotify
Gmail,Spotify
Gmail,Gmail
Gmail,Gmail
Gmail,Gmail
Spotify,Gmail
Gmail,Gmail
Gmail,Gmail
Gmail,Gmail
Spotify,Gmail
Gmail,Gmail
Gmail,Gmail
Gmail,Gmail
Gmail,Gmail
Gmail,Gmail
Spotify,Spotify
Gmail,Gmail
Gmail,Gmail
Gmail,Gmail
Gmail,Gmail
Gmail,Gmail
Gmail,Gmail
Gmail,Spotify
Gmail,Spotify
Gmail,Gmail
Gmail,Gmail
Gmail,Gmail
Gmail,Gmail
Gmail,Spotify
Spotify,Gmail
Gmail,Gmail
Gmail,Gmail
Gmail,Gmail
Gmail,Gmail
Gmail,Gmail
Spotify,Gmail
Gmail,Gmail
Gmail,Gmail
Gmail,Gmail
Gmail,Gmail
Gmail,Gmail
Gmail,Spotify
Gmail,Gmail
Spotify,Gmail
Gmail,Gmail
Gmail,Gmail
Gmail,Gmail
Gmail,Gmail
Gmail,Gmail
Gmail,Spotify
Gmail,Spotify
Spotify,Spotify
Gmail,Gmail
Gmail,Gmail
Gmail,Gmail
Gmail,Gmail
Gmail,Spotify
Gmail,Gmail
Gmail,Gmail
Gmail,Gmail
Gmail,Gmail
